nombre,descripción,path,municipio
Acta circunstanciada,N/A,N/A,Chalco
Acta constitutiva,N/A,N/A,Chalco
Carta poder,N/A,N/A,Chalco
Cédula de Zonificación,N/A,N/A,Chalco
Comprobante de domicilio,N/A,N/A,Chalco
Credencial de la dependencia,N/A,N/A,Chalco
Croquis de localización,N/A,N/A,Chalco
Dictamen,N/A,N/A,Chalco
En caso de ser extranjero/a el formato migratorio FM-2,N/A,N/A,Chalco
Identificación oficial,IFE,N/A,Chalco
Licencia anterior,N/A,N/A,Chalco
Licencia de funcinamiento,N/A,N/A,Chalco
Licencia de uso de suelo,N/A,N/A,Chalco
Pagos anteriores,N/A,N/A,Chalco
Poder notarial,con identificación oficial del apoderado/a legal,N/A,Chalco
Requisitos adicionales del gobierno del Estado y/o reglamentos,N/A,N/A,Chalco
Solicitud (proporcionada por la Dirección),N/A,N/A,Chalco
VoBo. Protección Civil,N/A,N/A,Chalco